{"cameraMode":{"drawMode":0,"name":"Shaded","section":"Shading Mode"},"sceneLighting":true,"audioPlay":false,"sceneViewState":{"showFog":true,"showMaterialUpdate":false,"showSkybox":false,"showFlares":true,"showImageEffects":true,"showParticleSystems":true},"in2DMode":false,"pivot":{"x":-0.8539998531341553,"y":2.4200000762939455,"z":-1.2737526893615723},"rotation":{"x":-0.3055368959903717,"y":-0.04196188971400261,"z":0.013479044660925866,"w":-0.9511759281158447},"size":8.76096248626709,"orthographic":false}